{
    "bitcoin": {
        "name": "Bitcoin",
        "symbol": "BTC",
        "family": "bitcoin",
        "coinbaseHasher": {
            "hash": "sha256d"
        },
        "headerHasher": {
            "hash": "sha256d"
        },
        "blockHasher": {
            "hash": "reverse",
            "args": [ { "hash": "sha256d" } ]
        },
        "explorerBlockLink": "https://blockchain.info/block/$height$",
        "explorerTxLink": "https://blockchain.info/tx/{0}",
        "explorerAccountLink": "https://blockchain.info/address/{0}"
    },
    "bitcoin-cash": {
        "name": "Bitcoin Cash",
        "symbol": "BCH",
        "family": "bitcoin",
        "coinbaseHasher": {
            "hash": "sha256d"
        },
        "headerHasher": {
            "hash": "sha256d"
        },
        "blockHasher": {
            "hash": "reverse",
            "args": [ { "hash": "sha256d" } ]
        },
        "explorerBlockLink": "https://www.blocktrail.com/BCC/block/$height$",
        "explorerTxLink": "https://www.blocktrail.com/BCC/tx/{0}",
        "explorerAccountLink": "https://www.blocktrail.com/BCC/address/{0}"
    },
    "namecoin": {
        "name": "Namecoin",
        "symbol": "NMC",
        "family": "bitcoin",
        "coinbaseHasher": {
            "hash": "sha256d"
        },
        "headerHasher": {
            "hash": "sha256d"
        },
        "blockHasher": {
            "hash": "reverse",
            "args": [ { "hash": "sha256d" } ]
        },
        "explorerBlockLink": "https://explorer.namecoin.info/b/$height$",
        "explorerTxLink": "https://explorer.namecoin.info/tx/{0}",
        "explorerAccountLink": "https://explorer.namecoin.info/a/{0}"
    },
    "peercoin": {
        "name": "Peercoin",
        "symbol": "PPC",
        "family": "bitcoin",
        "coinbaseHasher": {
            "hash": "sha256d"
        },
        "headerHasher": {
            "hash": "sha256d"
        },
        "blockHasher": {
            "hash": "reverse",
            "args": [ { "hash": "sha256d" } ]
        },
        "explorerBlockLink": "https://chainz.cryptoid.info/ppc/block.dws?$height$.htm",
        "explorerTxLink": "https://chainz.cryptoid.info/ppc/tx.dws?{0}.htm",
        "explorerAccountLink": "https://chainz.cryptoid.info/ppc/address.dws?{0}.htm"
    },
    "litecoin": {
        "name": "Litecoin",
        "symbol": "LTC",
        "family": "bitcoin",
        "coinbaseHasher": {
            "hash": "sha256d"
        },
        "headerHasher": {
            "hash": "scrypt",
            "args": [ 1024, 1 ]
        },
        "blockHasher": {
            "hash": "reverse",
            "args": [ { "hash": "sha256d" } ]
        },
        "posBlockHasher": {
            "hash": "reverse",
            "args": [
                {
                    "hash": "scrypt",
                    "args": [ 1024, 1 ]
                }
            ]
        },
        "shareMultiplier": 65536,
        "explorerBlockLink": "https://chainz.cryptoid.info/ltc/block.dws?$height$.htm",
        "explorerTxLink": "https://chainz.cryptoid.info/ltc/tx.dws?{0}.htm",
        "explorerAccountLink": "https://chainz.cryptoid.info/ltc/address.dws?{0}.htm"
    },
    "litecoin-cash": {
        "name": "Litecoin Cash",
        "symbol": "LCC",
        "family": "bitcoin",
        "coinbaseHasher": {
            "hash": "sha256d"
        },
        "headerHasher": {
            "hash": "sha256d"
        },
        "blockHasher": {
            "hash": "reverse",
            "args": [ { "hash": "sha256d" } ]
        },
        "explorerBlockLink": "https://chainz.cryptoid.info/lcc/block.dws?$height$.htm",
        "explorerTxLink": "https://chainz.cryptoid.info/lcc/tx.dws?{0}.htm",
        "explorerAccountLink": "https://chainz.cryptoid.info/lcc/address.dws?{0}.htm"
    },
    "dogecoin,": {
        "name": "Dogecoin,",
        "symbol": "DOGE",
        "family": "bitcoin",
        "coinbaseHasher": {
            "hash": "sha256d"
        },
        "headerHasher": {
            "hash": "scrypt",
            "args": [ 1024, 1 ]
        },
        "blockHasher": {
            "hash": "reverse",
            "args": [ { "hash": "sha256d" } ]
        },
        "posBlockHasher": {
            "hash": "reverse",
            "args": [
                {
                    "hash": "scrypt",
                    "args": [ 1024, 1 ]
                }
            ]
        },
        "shareMultiplier": 65536,
        "explorerBlockLink": "https://dogechain.info/block/$height$",
        "explorerTxLink": "https://dogechain.info/tx/{0}",
        "explorerAccountLink": "https://dogechain.info/address/{0}"
    },
    "viacoin": {
        "name": "Viacoin",
        "symbol": "VIA",
        "family": "bitcoin",
        "coinbaseHasher": {
            "hash": "sha256d"
        },
        "headerHasher": {
            "hash": "scrypt",
            "args": [ 1024, 1 ]
        },
        "blockHasher": {
            "hash": "reverse",
            "args": [ { "hash": "sha256d" } ]
        },
        "posBlockHasher": {
            "hash": "reverse",
            "args": [
                {
                    "hash": "scrypt",
                    "args": [ 1024, 1 ]
                }
            ]
        },
        "shareMultiplier": 65536
    },
    "dash": {
        "name": "Dash",
        "symbol": "DASH",
        "family": "bitcoin",
        "coinbaseHasher": {
            "hash": "sha256d"
        },
        "headerHasher": {
            "hash": "x11"
        },
        "blockHasher": {
            "hash": "reverse",
            "args": [ { "hash": "x11" } ]
        },
        "hasMasterNodes": true,
        "explorerBlockLink": "https://chainz.cryptoid.info/dash/block.dws?$height$.htm",
        "explorerTxLink": "https://chainz.cryptoid.info/dash/tx.dws?{0}.htm",
        "explorerAccountLink": "https://chainz.cryptoid.info/dash/address.dws?{0}.htm"
    },
    "paccoin": {
        "name": "Paccoin",
        "symbol": "PAC",
        "family": "bitcoin",
        "coinbaseHasher": {
            "hash": "sha256d"
        },
        "headerHasher": {
            "hash": "x11"
        },
        "blockHasher": {
            "hash": "reverse",
            "args": [ { "hash": "x11" } ]
        },
        "hasMasterNodes": true,
        "explorerBlockLink": "http://explorer.paccoin.net/block/$hash$",
        "explorerTxLink": "http://explorer.paccoin.net/tx/{0}",
        "explorerAccountLink": "http://explorer.paccoin.net/address/{0}"
    },
    "groestlcoin": {
        "name": "GroestlCoin",
        "symbol": "GRS",
        "family": "bitcoin",
        "coinbaseHasher": {
            "hash": "sha256s"
        },
        "headerHasher": {
            "hash": "groestl"
        },
        "blockHasher": {
            "hash": "reverse",
            "args": [ { "hash": "groestl" } ]
        },
        "shareMultiplier": 256,
        "explorerBlockLink": "https://groestlsight.groestlcoin.org/block/$height$",
        "explorerTxLink": "https://groestlsight.groestlcoin.org/tx/{0}",
        "explorerAccountLink": "https://groestlsight.groestlcoin.org/address/{0}"
    },
    "monacoin": {
        "name": "Monacoin",
        "symbol": "MONA",
        "family": "bitcoin",
        "coinbaseHasher": {
            "hash": "sha256d"
        },
        "headerHasher": {
            "hash": "lyra2rev2"
        },
        "blockHasher": {
            "hash": "reverse",
            "args": [ { "hash": "sha256d" } ]
        },
        "shareMultiplier": 256,
        "explorerBlockLink": "https://bchain.info/MONA/block/$height$",
        "explorerTxLink": "https://bchain.info/MONA/tx/{0}",
        "explorerAccountLink": "https://bchain.info/MONA/addr/{0}"
    },
    "vertcoin": {
        "name": "Vertcoin",
        "symbol": "VTC",
        "family": "bitcoin",
        "coinbaseHasher": {
            "hash": "sha256d"
        },
        "headerHasher": {
            "hash": "lyra2rev3"
        },
        "blockHasher": {
            "hash": "reverse",
            "args": [ { "hash": "sha256d" } ]
        },
        "shareMultiplier": 256,
        "explorerBlockLink": "https://chainz.cryptoid.info/vtc/block.dws?$height$.htm",
        "explorerTxLink": "https://chainz.cryptoid.info/vtc/tx.dws?{0}.htm",
        "explorerAccountLink": "https://chainz.cryptoid.info/vtc/address.dws?{0}.htm"
    },
    "globaltoken": {
        "name": "Globaltoken",
        "symbol": "GLT",
        "family": "bitcoin",
        "coinbaseHasher": {
            "hash": "sha256d"
        },
        "headerHasher": {
            "hash": "sha256d"
        },
        "blockHasher": {
            "hash": "reverse",
            "args": [ { "hash": "sha256d" } ]
        },
        "explorerBlockLink": "https://bchain.info/GLT/block/$height$",
        "explorerTxLink": "https://bchain.info/GLT/tx/{0}",
        "explorerAccountLink": "https://bchain.info/GLT/addr/{0}"
    },
    "mooncoin": {
        "name": "MoonCoin",
        "symbol": "MOON",
        "family": "bitcoin",
        "coinbaseHasher": {
            "hash": "sha256d"
        },
        "headerHasher": {
            "hash": "scrypt",
            "args": [ 1024, 1 ]
        },
        "blockHasher": {
            "hash": "reverse",
            "args": [ { "hash": "sha256d" } ]
        },
        "posBlockHasher": {
            "hash": "reverse",
            "args": [
                {
                    "hash": "scrypt",
                    "args": [ 1024, 1 ]
                }
            ]
        },
        "shareMultiplier": 65536,
        "explorerBlockLink": "https://chainz.cryptoid.info/moon/block.dws?$height$.htm",
        "explorerTxLink": "https://chainz.cryptoid.info/moon/tx.dws?{0}.htm",
        "explorerAccountLink": "https://chainz.cryptoid.info/moon/address.dws?{0}.htm"
    },
    "pakcoin": {
        "name": "PAKcoin",
        "symbol": "PAK",
        "family": "bitcoin",
        "coinbaseHasher": {
            "hash": "sha256d"
        },
        "headerHasher": {
            "hash": "scrypt",
            "args": [ 1024, 1 ]
        },
        "blockHasher": {
            "hash": "reverse",
            "args": [ { "hash": "sha256d" } ]
        },
        "posBlockHasher": {
            "hash": "reverse",
            "args": [
                {
                    "hash": "scrypt",
                    "args": [ 1024, 1 ]
                }
            ]
        },
        "shareMultiplier": 65536,
        "explorerBlockLink": "https://chainz.cryptoid.info/pak/block.dws?$height$.htm",
        "explorerTxLink": "https://chainz.cryptoid.info/pak/tx.dws?{0}.htm",
        "explorerAccountLink": "https://chainz.cryptoid.info/pak/address.dws?{0}.htm"
    },
    "cannabiscoin": {
        "name": "CannabisCoin",
        "symbol": "CANN",
        "family": "bitcoin",
        "coinbaseHasher": {
            "hash": "sha256d"
        },
        "headerHasher": {
            "hash": "x11"
        },
        "blockHasher": {
            "hash": "reverse",
            "args": [ { "hash": "x11" } ]
        },
        "explorerBlockLink": "https://chainz.cryptoid.info/cann/block.dws?$height$.htm",
        "explorerTxLink": "https://chainz.cryptoid.info/cann/tx.dws?{0}.htm",
        "explorerAccountLink": "https://chainz.cryptoid.info/cann/address.dws?{0}.htm"
    },
    "ravencoin": {
        "name": "Ravencoin",
        "symbol": "RVN",
        "family": "bitcoin",
        "coinbaseHasher": {
            "hash": "sha256d"
        },
        "headerHasher": {
            "hash": "x16r"
        },
        "blockHasher": {
            "hash": "reverse",
            "args": [ { "hash": "x16r" } ]
        },
        "shareMultiplier": 256,
        "explorerBlockLink": "https://ravencoin.network/block/$hash$",
        "explorerTxLink": "https://ravencoin.network/tx/{0}",
        "explorerAccountLink": "https://ravencoin.network/address/{0}"
    },
    "pigeoncoin": {
        "name": "Pigeoncoin",
        "symbol": "PGN",
        "family": "bitcoin",
        "coinbaseHasher": {
            "hash": "sha256d"
        },
        "headerHasher": {
            "hash": "x16s"
        },
        "blockHasher": {
            "hash": "reverse",
            "args": [ { "hash": "x16s" } ]
        },
        "shareMultiplier": 256,
        "explorerBlockLink": "http://explorer.pigeoncoin.org/block/$hash$",
        "explorerTxLink": "http://explorer.pigeoncoin.org/tx/{0}",
        "explorerAccountLink": "http://explorer.pigeoncoin.org/address/{0}"
    },
    "bitcoin-diamond": {
        "name": "Bitcoin Diamond",
        "symbol": "BCD",
        "family": "bitcoin",
        "coinbaseHasher": {
            "hash": "sha256d"
        },
        "headerHasher": {
            "hash": "x13bcd"
        },
        "blockHasher": {
            "hash": "reverse",
            "args": [ { "hash": "sha256d" } ]
        },
        "explorerBlockLink": "http://explorer.btcd.io/#/blockInfo?hash=$hash$",
        "explorerTxLink": "http://explorer.btcd.io/#/TX?TX={0}",
        "explorerAccountLink": "http://explorer.btcd.io/#/address?address={0}"
    },
    "flo": {
        "name": "FLO",
        "symbol": "FLO",
        "family": "bitcoin",
        "coinbaseHasher": {
            "hash": "sha256d"
        },
        "headerHasher": {
            "hash": "scrypt",
            "args": [ 1024, 1 ]
        },
        "blockHasher": {
            "hash": "reverse",
            "args": [ { "hash": "sha256d" } ]
        },
        "posBlockHasher": {
            "hash": "reverse",
            "args": [
                {
                    "hash": "scrypt",
                    "args": [ 1024, 1 ]
                }
            ]
        },
        "coinbaseTxVersion": 2,
        "coinbaseTxComment": "FLO Miningcore",
        "shareMultiplier": 65536,
        "explorerBlockLink": "http://network.flo.cash/block/$hash$",
        "explorerTxLink": "http://network.flo.cash/tx/{0}",
        "explorerAccountLink": "http://network.flo.cash/address/{0}"
    },
    "digibyte-sha256": {
        "name": "Digibyte-Sha256",
        "canonicalName": "Digibyte",
        "symbol": "DGB",
        "family": "bitcoin",
        "coinbaseHasher": {
            "hash": "sha256d"
        },
        "headerHasher": {
            "hash": "sha256d"
        },
        "blockHasher": {
            "hash": "reverse",
            "args": [ { "hash": "sha256d" } ]
        },
        "explorerBlockLink": "https://digiexplorer.info/block/$height$",
        "explorerTxLink": "https://digiexplorer.info/tx/{0}",
        "explorerAccountLink": "https://digiexplorer.info/address/{0}"
    },
    "digibyte-scrypt": {
        "name": "Digibyte-Scrypt",
        "canonicalName": "Digibyte",
        "symbol": "DGB",
        "family": "bitcoin",
        "coinbaseHasher": {
            "hash": "sha256d"
        },
        "headerHasher": {
            "hash": "scrypt",
            "args": [ 1024, 1 ]
        },
        "blockHasher": {
            "hash": "reverse",
            "args": [ { "hash": "sha256d" } ]
        },
        "shareMultiplier": 65536,
        "explorerBlockLink": "https://digiexplorer.info/block/$height$",
        "explorerTxLink": "https://digiexplorer.info/tx/{0}",
        "explorerAccountLink": "https://digiexplorer.info/address/{0}"
    },
    "digibyte-skein": {
        "name": "Digibyte-Skein",
        "canonicalName": "Digibyte",
        "symbol": "DGB",
        "family": "bitcoin",
        "coinbaseHasher": {
            "hash": "sha256d"
        },
        "headerHasher": {
            "hash": "skein"
        },
        "blockHasher": {
            "hash": "reverse",
            "args": [ { "hash": "sha256d" } ]
        },
        "explorerBlockLink": "https://digiexplorer.info/block/$height$",
        "explorerTxLink": "https://digiexplorer.info/tx/{0}",
        "explorerAccountLink": "https://digiexplorer.info/address/{0}"
    },
    "digibyte-qubit": {
        "name": "Digibyte-Qubit",
        "canonicalName": "Digibyte",
        "symbol": "DGB",
        "family": "bitcoin",
        "coinbaseHasher": {
            "hash": "sha256d"
        },
        "headerHasher": {
            "hash": "qubit"
        },
        "blockHasher": {
            "hash": "reverse",
            "args": [ { "hash": "sha256d" } ]
        },
        "explorerBlockLink": "https://digiexplorer.info/block/$height$",
        "explorerTxLink": "https://digiexplorer.info/tx/{0}",
        "explorerAccountLink": "https://digiexplorer.info/address/{0}"
    },
    "digibyte-groestl": {
        "name": "Digibyte-Groestl",
        "canonicalName": "Digibyte",
        "symbol": "DGB",
        "family": "bitcoin",
        "coinbaseHasher": {
            "hash": "sha256s"
        },
        "headerHasher": {
            "hash": "groestlmyriad"
        },
        "blockHasher": {
            "hash": "reverse",
            "args": [ { "hash": "sha256d" } ]
        },
        "shareMultiplier": 256,
        "explorerBlockLink": "https://digiexplorer.info/block/$height$",
        "explorerTxLink": "https://digiexplorer.info/tx/{0}",
        "explorerAccountLink": "https://digiexplorer.info/address/{0}"
    },
    "digibyte-odo": {
        "name": "Digibyte-Odo",
        "canonicalName": "Digibyte",
        "symbol": "DGB",
        "family": "bitcoin",
        "coinbaseHasher": {
            "hash": "sha256s"
        },
        "headerHasher": {
            "hash": "odocrypt"
        },
        "blockHasher": {
            "hash": "reverse",
            "args": [ { "hash": "sha256d" } ]
        },
        "networks": {
            "main": {
                "odoCryptShapeChangeInterval": 864000
            },
            "test": {
                "odoCryptShapeChangeInterval": 86400
            },
            "regtest": {
                "odoCryptShapeChangeInterval": 60
            }
        },
        "shareMultiplier": 256,
        "explorerBlockLink": "https://digiexplorer.info/block/$height$",
        "explorerTxLink": "https://digiexplorer.info/tx/{0}",
        "explorerAccountLink": "https://digiexplorer.info/address/{0}"
    },
    "verge-lyra": {
        "name": "Verge-Lyra",
        "canonicalName": "Verge",
        "symbol": "XVG",
        "family": "bitcoin",
        "coinbaseHasher": {
            "hash": "sha256d"
        },
        "headerHasher": {
            "hash": "lyra2rev2"
        },
        "blockHasher": {
            "hash": "reverse",
            "args": [
                {
                    "hash": "scrypt",
                    "args": [ 1024, 1 ]
                }
            ]
        },
        "shareMultiplier": 256,
        "explorerBlockLink": "https://verge-blockchain.info/block/$hash$",
        "explorerTxLink": "https://verge-blockchain.info/tx/{0}",
        "explorerAccountLink": "https://verge-blockchain.info/address/{0}"
    },
    "verge-scrypt": {
        "name": "Verge-Scrypt",
        "canonicalName": "Verge",
        "symbol": "XVG",
        "family": "bitcoin",
        "coinbaseHasher": {
            "hash": "sha256d"
        },
        "headerHasher": {
            "hash": "scrypt",
            "args": [ 1024, 1 ]
        },
        "blockHasher": {
            "hash": "reverse",
            "args": [
                {
                    "hash": "scrypt",
                    "args": [ 1024, 1 ]
                }
            ]
        },
        "shareMultiplier": 65536,
        "explorerBlockLink": "https://verge-blockchain.info/block/$hash$",
        "explorerTxLink": "https://verge-blockchain.info/tx/{0}",
        "explorerAccountLink": "https://verge-blockchain.info/address/{0}"
    },
    "verge-x17": {
        "name": "Verge-X17",
        "canonicalName": "Verge",
        "symbol": "XVG",
        "family": "bitcoin",
        "coinbaseHasher": {
            "hash": "sha256d"
        },
        "headerHasher": {
            "hash": "x17"
        },
        "blockHasher": {
            "hash": "reverse",
            "args": [
                {
                    "hash": "scrypt",
                    "args": [ 1024, 1 ]
                }
            ]
        },
        "explorerBlockLink": "https://verge-blockchain.info/block/$hash$",
        "explorerTxLink": "https://verge-blockchain.info/tx/{0}",
        "explorerAccountLink": "https://verge-blockchain.info/address/{0}"
    },
    "verge-blake": {
        "name": "Verge-Blake",
        "canonicalName": "Verge",
        "symbol": "XVG",
        "family": "bitcoin",
        "coinbaseHasher": {
            "hash": "sha256d"
        },
        "headerHasher": {
            "hash": "blake2s"
        },
        "blockHasher": {
            "hash": "reverse",
            "args": [
                {
                    "hash": "scrypt",
                    "args": [ 1024, 1 ]
                }
            ]
        },
        "explorerBlockLink": "https://verge-blockchain.info/block/$hash$",
        "explorerTxLink": "https://verge-blockchain.info/tx/{0}",
        "explorerAccountLink": "https://verge-blockchain.info/address/{0}"
    },
    "verge-groestl": {
        "name": "Verge-Groestl",
        "canonicalName": "Verge",
        "symbol": "XVG",
        "family": "bitcoin",
        "coinbaseHasher": {
            "hash": "sha256d"
        },
        "headerHasher": {
            "hash": "groestlmyriad"
        },
        "blockHasher": {
            "hash": "reverse",
            "args": [
                {
                    "hash": "scrypt",
                    "args": [ 1024, 1 ]
                }
            ]
        },
        "explorerBlockLink": "https://verge-blockchain.info/block/$hash$",
        "explorerTxLink": "https://verge-blockchain.info/tx/{0}",
        "explorerAccountLink": "https://verge-blockchain.info/address/{0}"
    },
    "geekcash": {
        "name": "GeekCash",
        "symbol": "GEEK",
        "family": "bitcoin",
        "coinbaseHasher": {
            "hash": "sha256d"
        },
        "headerHasher": {
            "hash": "geek"
        },
        "blockHasher": {
            "hash": "reverse",
            "args": [ { "hash": "geek" } ]
        },
        "hasMasterNodes": true,
        "explorerBlockLink": "http://explorer.geekcash.org/block/$hash$",
        "explorerTxLink": "http://explorer.geekcash.org/tx/{0}",
        "explorerAccountLink": "http://explorer.geekcash.org/address/{0}"
    },
    "help-the-homeless": {
        "name": "Help The Homeless",
        "symbol": "HTH",
        "family": "bitcoin",
        "coinbaseHasher": {
            "hash": "sha256d"
        },
        "headerHasher": {
            "hash": "x16r"
        },
        "blockHasher": {
            "hash": "reverse",
            "args": [ { "hash": "x16r" } ]
        },
        "shareMultiplier": 256,
        "hasMasterNodes": true,
        "explorerBlockLink": "http://explorer.hthcoin.world/block/$hash$",
        "explorerTxLink": "http://explorer.hthcoin.world/tx/{0}",
        "explorerAccountLink": "http://explorer.hthcoin.world/address/{0}"
    },
    "zcash": {
        "name": "ZCash",
        "symbol": "ZEC",
        "family": "equihash",
        "networks": {
            "main": {
                "diff1": "0007ffffffffffffffffffffffffffffffffffffffffffffffffffffffffffff",
                "solutionSize": 1344,
                "solutionPreambleSize": 3,
                "solver": {
                    "hash": "equihash",
                    "args": [ 200, 9, "ZcashPoW" ]
                },
                "coinbaseTxNetwork": "zcash-main",
                "payFoundersReward": true,
                "percentFoundersReward": 20,
                "foundersRewardAddresses": [
                    "t3Vz22vK5z2LcKEdg16Yv4FFneEL1zg9ojd",
                    "t3cL9AucCajm3HXDhb5jBnJK2vapVoXsop3",
                    "t3fqvkzrrNaMcamkQMwAyHRjfDdM2xQvDTR",
                    "t3TgZ9ZT2CTSK44AnUPi6qeNaHa2eC7pUyF",
                    "t3SpkcPQPfuRYHsP5vz3Pv86PgKo5m9KVmx",
                    "t3Xt4oQMRPagwbpQqkgAViQgtST4VoSWR6S",
                    "t3ayBkZ4w6kKXynwoHZFUSSgXRKtogTXNgb",
                    "t3adJBQuaa21u7NxbR8YMzp3km3TbSZ4MGB",
                    "t3K4aLYagSSBySdrfAGGeUd5H9z5Qvz88t2",
                    "t3RYnsc5nhEvKiva3ZPhfRSk7eyh1CrA6Rk",
                    "t3Ut4KUq2ZSMTPNE67pBU5LqYCi2q36KpXQ",
                    "t3ZnCNAvgu6CSyHm1vWtrx3aiN98dSAGpnD",
                    "t3fB9cB3eSYim64BS9xfwAHQUKLgQQroBDG",
                    "t3cwZfKNNj2vXMAHBQeewm6pXhKFdhk18kD",
                    "t3YcoujXfspWy7rbNUsGKxFEWZqNstGpeG4",
                    "t3bLvCLigc6rbNrUTS5NwkgyVrZcZumTRa4",
                    "t3VvHWa7r3oy67YtU4LZKGCWa2J6eGHvShi",
                    "t3eF9X6X2dSo7MCvTjfZEzwWrVzquxRLNeY",
                    "t3esCNwwmcyc8i9qQfyTbYhTqmYXZ9AwK3X",
                    "t3M4jN7hYE2e27yLsuQPPjuVek81WV3VbBj",
                    "t3gGWxdC67CYNoBbPjNvrrWLAWxPqZLxrVY",
                    "t3LTWeoxeWPbmdkUD3NWBquk4WkazhFBmvU",
                    "t3P5KKX97gXYFSaSjJPiruQEX84yF5z3Tjq",
                    "t3f3T3nCWsEpzmD35VK62JgQfFig74dV8C9",
                    "t3Rqonuzz7afkF7156ZA4vi4iimRSEn41hj",
                    "t3fJZ5jYsyxDtvNrWBeoMbvJaQCj4JJgbgX",
                    "t3Pnbg7XjP7FGPBUuz75H65aczphHgkpoJW",
                    "t3WeKQDxCijL5X7rwFem1MTL9ZwVJkUFhpF",
                    "t3Y9FNi26J7UtAUC4moaETLbMo8KS1Be6ME",
                    "t3aNRLLsL2y8xcjPheZZwFy3Pcv7CsTwBec",
                    "t3gQDEavk5VzAAHK8TrQu2BWDLxEiF1unBm",
                    "t3Rbykhx1TUFrgXrmBYrAJe2STxRKFL7G9r",
                    "t3aaW4aTdP7a8d1VTE1Bod2yhbeggHgMajR",
                    "t3YEiAa6uEjXwFL2v5ztU1fn3yKgzMQqNyo",
                    "t3g1yUUwt2PbmDvMDevTCPWUcbDatL2iQGP",
                    "t3dPWnep6YqGPuY1CecgbeZrY9iUwH8Yd4z",
                    "t3QRZXHDPh2hwU46iQs2776kRuuWfwFp4dV",
                    "t3enhACRxi1ZD7e8ePomVGKn7wp7N9fFJ3r",
                    "t3PkLgT71TnF112nSwBToXsD77yNbx2gJJY",
                    "t3LQtHUDoe7ZhhvddRv4vnaoNAhCr2f4oFN",
                    "t3fNcdBUbycvbCtsD2n9q3LuxG7jVPvFB8L",
                    "t3dKojUU2EMjs28nHV84TvkVEUDu1M1FaEx",
                    "t3aKH6NiWN1ofGd8c19rZiqgYpkJ3n679ME",
                    "t3MEXDF9Wsi63KwpPuQdD6by32Mw2bNTbEa",
                    "t3WDhPfik343yNmPTqtkZAoQZeqA83K7Y3f",
                    "t3PSn5TbMMAEw7Eu36DYctFezRzpX1hzf3M",
                    "t3R3Y5vnBLrEn8L6wFjPjBLnxSUQsKnmFpv",
                    "t3Pcm737EsVkGTbhsu2NekKtJeG92mvYyoN"
                ],
                "foundersRewardSubsidySlowStartInterval": 20000,
                "foundersRewardSubsidyHalvingInterval": 840000,
                "overwinterActivationHeight": 347500,
                "overwinterTxVersion": 3,
                "overwinterTxVersionGroupId": 63210096,
                "saplingActivationHeight": 419200,
                "saplingTxVersion": 4,
                "saplingTxVersionGroupId": 2301567109
            },
            "test": {
                "diff1": "0007ffffffffffffffffffffffffffffffffffffffffffffffffffffffffffff",
                "solutionSize": 1344,
                "solutionPreambleSize": 3,
                "solver": {
                    "hash": "equihash",
                    "args": [ 200, 9, "ZcashPoW" ]
                },
                "coinbaseTxNetwork": "zcash-test",
                "payFoundersReward": true,
                "percentFoundersReward": 20,
                "foundersRewardAddresses": [
                    "t2UNzUUx8mWBCRYPRezvA363EYXyEpHokyi",
                    "t2N9PH9Wk9xjqYg9iin1Ua3aekJqfAtE543",
                    "t2NGQjYMQhFndDHguvUw4wZdNdsssA6K7x2",
                    "t2ENg7hHVqqs9JwU5cgjvSbxnT2a9USNfhy",
                    "t2BkYdVCHzvTJJUTx4yZB8qeegD8QsPx8bo",
                    "t2J8q1xH1EuigJ52MfExyyjYtN3VgvshKDf",
                    "t2Crq9mydTm37kZokC68HzT6yez3t2FBnFj",
                    "t2EaMPUiQ1kthqcP5UEkF42CAFKJqXCkXC9",
                    "t2F9dtQc63JDDyrhnfpzvVYTJcr57MkqA12",
                    "t2LPirmnfYSZc481GgZBa6xUGcoovfytBnC",
                    "t26xfxoSw2UV9Pe5o3C8V4YybQD4SESfxtp",
                    "t2D3k4fNdErd66YxtvXEdft9xuLoKD7CcVo",
                    "t2DWYBkxKNivdmsMiivNJzutaQGqmoRjRnL",
                    "t2C3kFF9iQRxfc4B9zgbWo4dQLLqzqjpuGQ",
                    "t2MnT5tzu9HSKcppRyUNwoTp8MUueuSGNaB",
                    "t2AREsWdoW1F8EQYsScsjkgqobmgrkKeUkK",
                    "t2Vf4wKcJ3ZFtLj4jezUUKkwYR92BLHn5UT",
                    "t2K3fdViH6R5tRuXLphKyoYXyZhyWGghDNY",
                    "t2VEn3KiKyHSGyzd3nDw6ESWtaCQHwuv9WC",
                    "t2F8XouqdNMq6zzEvxQXHV1TjwZRHwRg8gC",
                    "t2BS7Mrbaef3fA4xrmkvDisFVXVrRBnZ6Qj",
                    "t2FuSwoLCdBVPwdZuYoHrEzxAb9qy4qjbnL",
                    "t2SX3U8NtrT6gz5Db1AtQCSGjrpptr8JC6h",
                    "t2V51gZNSoJ5kRL74bf9YTtbZuv8Fcqx2FH",
                    "t2FyTsLjjdm4jeVwir4xzj7FAkUidbr1b4R",
                    "t2EYbGLekmpqHyn8UBF6kqpahrYm7D6N1Le",
                    "t2NQTrStZHtJECNFT3dUBLYA9AErxPCmkka",
                    "t2GSWZZJzoesYxfPTWXkFn5UaxjiYxGBU2a",
                    "t2RpffkzyLRevGM3w9aWdqMX6bd8uuAK3vn",
                    "t2JzjoQqnuXtTGSN7k7yk5keURBGvYofh1d",
                    "t2AEefc72ieTnsXKmgK2bZNckiwvZe3oPNL",
                    "t2NNs3ZGZFsNj2wvmVd8BSwSfvETgiLrD8J",
                    "t2ECCQPVcxUCSSQopdNquguEPE14HsVfcUn",
                    "t2JabDUkG8TaqVKYfqDJ3rqkVdHKp6hwXvG",
                    "t2FGzW5Zdc8Cy98ZKmRygsVGi6oKcmYir9n",
                    "t2DUD8a21FtEFn42oVLp5NGbogY13uyjy9t",
                    "t2UjVSd3zheHPgAkuX8WQW2CiC9xHQ8EvWp",
                    "t2TBUAhELyHUn8i6SXYsXz5Lmy7kDzA1uT5",
                    "t2Tz3uCyhP6eizUWDc3bGH7XUC9GQsEyQNc",
                    "t2NysJSZtLwMLWEJ6MH3BsxRh6h27mNcsSy",
                    "t2KXJVVyyrjVxxSeazbY9ksGyft4qsXUNm9",
                    "t2J9YYtH31cveiLZzjaE4AcuwVho6qjTNzp",
                    "t2QgvW4sP9zaGpPMH1GRzy7cpydmuRfB4AZ",
                    "t2NDTJP9MosKpyFPHJmfjc5pGCvAU58XGa4",
                    "t29pHDBWq7qN4EjwSEHg8wEqYe9pkmVrtRP",
                    "t2Ez9KM8VJLuArcxuEkNRAkhNvidKkzXcjJ",
                    "t2D5y7J5fpXajLbGrMBQkFg2mFN8fo3n8cX",
                    "t2UV2wr1PTaUiybpkV3FdSdGxUJeZdZztyt"
                ],
                "foundersRewardSubsidySlowStartInterval": 20000,
                "foundersRewardSubsidyHalvingInterval": 840000,
                "overwinterActivationHeight": 207500,
                "overwinterTxVersion": 3,
                "overwinterTxVersionGroupId": 63210096,
                "saplingActivationHeight": 280000,
                "saplingTxVersion": 4,
                "saplingTxVersionGroupId": 2301567109
            },
            "regtest": {
                "diff1": "0007ffffffffffffffffffffffffffffffffffffffffffffffffffffffffffff",
                "solutionSize": 1344,
                "solutionPreambleSize": 3,
                "solver": {
                    "hash": "equihash",
                    "args": [ 200, 9, "ZcashPoW" ]
                },
                "coinbaseTxNetwork": "zcash-reg",
                "payFoundersReward": true,
                "percentFoundersReward": 20,
                "foundersRewardAddresses": [ "t2FwcEhFdNXuFMv1tcYwaBJtYVtMj8b1uTg" ],
                "foundersRewardSubsidyHalvingInterval": 150
            }
        },
        "usesZCashAddressFormat": true,
        "useBitcoinPayoutHandler": false,
        "explorerBlockLink": "https://explorer.zcha.in/blocks/$hash$",
        "explorerTxLink": "https://explorer.zcha.in/transactions/{0}",
        "explorerAccountLink": "https://explorer.zcha.in/accounts/{0}"
    },
    "zclassic": {
        "name": "ZClassic",
        "symbol": "ZCL",
        "family": "equihash",
        "networks": {
            "main": {
                "diff1": "0007ffffffffffffffffffffffffffffffffffffffffffffffffffffffffffff",
                "solutionSize": 1344,
                "solutionPreambleSize": 3,
                "solver": {
                    "hash": "equihash",
                    "args": [ 200, 9, "ZcashPoW" ]
                },
                "coinbaseTxNetwork": "main",
                "payFoundersReward": false
            },
            "test": {
                "diff1": "0007ffffffffffffffffffffffffffffffffffffffffffffffffffffffffffff",
                "solutionSize": 1344,
                "solutionPreambleSize": 3,
                "solver": {
                    "hash": "equihash",
                    "args": [ 200, 9, "ZcashPoW" ]
                },
                "coinbaseTxNetwork": "testnet",
                "payFoundersReward": false
            },
            "regtest": {
                "diff1": "0007ffffffffffffffffffffffffffffffffffffffffffffffffffffffffffff",
                "solutionSize": 1344,
                "solutionPreambleSize": 3,
                "solver": {
                    "hash": "equihash",
                    "args": [ 200, 9, "ZcashPoW" ]
                },
                "coinbaseTxNetwork": "regtest",
                "payFoundersReward": false
            }
        },
        "usesZCashAddressFormat": true,
        "useBitcoinPayoutHandler": false,
        "explorerBlockLink": "http://explorer.zclmine.pro/block/$height$",
        "explorerTxLink": "http://explorer.zclmine.pro/transactions/{0}",
        "explorerAccountLink": "http://explorer.zclmine.pro/accounts/{0}"
    },
    "zencash": {
        "name": "Zencash",
        "symbol": "ZEN",
        "family": "equihash",
        "networks": {
            "main": {
                "diff1": "0007ffffffffffffffffffffffffffffffffffffffffffffffffffffffffffff",
                "solutionSize": 1344,
                "solutionPreambleSize": 3,
                "solver": {
                    "hash": "equihash",
                    "args": [ 200, 9, "ZcashPoW" ]
                },
                "coinbaseTxNetwork": "main",
                "payFoundersReward": true,
                "percentFoundersReward": 8.5,
                "foundersRewardAddresses": [
                    "zssEdGnZCQ9G86LZFtbynMn1hYTVhn6eYCL",
                    "zsrCsXXmUf8k59NLasEKfxA7us3iNvaPATz",
                    "zsnLPsWMXW2s4w9EmFSwtSLRxL2LhPcfdby",
                    "zshdovbcPfUAfkPeEE2qLbKnoue9RsbVokU",
                    "zsqmq97JAKCCBFRGvxgv6FiJgQLCZBDp62S",
                    "zskyFVFA7VRYX8EGdXmYN75WaBB25FmiL3g",
                    "zsmncLmwEUdVmAGPUrUnNKmPGXyej7mbmdM",
                    "zsfa9VVJCEdjfPbku4XrFcRR8kTDm2T64rz",
                    "zsjdMnfWuFi46VeN2HSXVQWEGsnGHgVxayY",
                    "zseb8wRQ8rZ722oLX5B8rx7qwZiBRb9mdig",
                    "zsjxkovhqiMVggoW7jvSRi3NTSD3a6b6qfd",
                    "zsokCCSU3wvZrS2G6mEDpJ5cH49E7sDyNr1",
                    "zt12EsFgkABHLMRXA7JNnpMqLrxsgCLnVEV",
                    "zt39mvuG9gDTHX8A8Qk45rbk3dSdQoJ8ZAv",
                    "zssTQZs5YxDGijKC86dvcDxzWogWcK7n5AK",
                    "zsywuMoQK7Bved2nrXs56AEtWBhpb88rMzS",
                    "zsxVS2w7h1fHFX2nQtGm4372pd4DSHzq9ee",
                    "zsupGi7ro3uC8CEVwm9r7vrdVUZaXQnHF6T",
                    "zshVZvW47dA5AB3Sqk1h7ytwWJeUJUJxxaE",
                    "zsubBCjvDx252MKFsL4Dcf5rJU9Z9Upqr1N",
                    "zsweaST3NcU4hfgkVULfCsfEq41pjgMDgcW",
                    "zswz6Rxb1S33fUpftETZwtGiVSeYxNKq2xc",
                    "zswnpHtiBbrvYDzbhPQshkgvLSfYhDMRJ4S",
                    "zsjSYAWaEYj35Ht7aXrRJUGY6Dc8qCmgYqu",
                    "zsvMv8fGroWR8epbSiGDCJHmfe6ec2uFQrt",
                    "zsujxCT56BExQDAwKwktBjtnopYnw8BiKbg",
                    "zsxeXc2FTAzmUmeZmqVsKVdwTMSvzyns4rT",
                    "zsuLqgABNudD8bVPbVGeUjGqapuoXp68i7F",
                    "zsoc39J1dCFK1U8kckZznvQkv8As7sajYLz",
                    "zt21NFdu1KRPJ7VRKtrWugM2Jqe5ePNmU4T",
                    "zsp15qbVcbx9ifcjKe6XZEJTvzsFUZ2BHLT",
                    "zso2KvqH6yxLQEYggHdmfL3Tcd5V6E9tqhp",
                    "zsnFG2W5ZHRYh3QucNze4mp31tBkemtfxdj",
                    "zsex2CGJtxHyHbpLXm7kESBmp3vWRqUkJMy",
                    "zsvtFv96nrgrXKUbtNe2BpCt8aQEp5oJ7F8",
                    "zsk5KitThmhK9KBa1KDybPgEmGSFTHzhMVA",
                    "zsuy4n48c4NsJyaCZEzwdAKULM1FqbB6Y4z",
                    "zsgtQVMpX2zNMLvHHG2NDwfqKoaebvVectJ",
                    "zszQqXRSPGdqsWw4iaMTNN6aJz4JjEzSdCF",
                    "zst6dBLrTtaMQBX7BLMNjKLTGcP11PBmgTV",
                    "zshD9r6Eb6dZGdzYW2HCb9CzkMokCT1NGJR",
                    "zswUaj1TboEGmvSfF7fdoxWyH3RMx7MBHHo",
                    "zsv8s4Poi5GxCsbBrRJ97Vsvazp84nrz5AN",
                    "zsmmxrKU6dqWFwUKow1iyovg3gxrgXpEivr",
                    "zskh1221aRC9WEfb5a59WxffeW34McmZZsw",
                    "zssAhuj57NnVm4yNFT6o8muRctABkUaBu3L",
                    "zsi5Yr4Z8HwBvdBqQE8gk7ahExDu95J4oqZ",
                    "zsy6ryEaxfk8emJ8bGVB7tmwRwBL8cfSqBW"
                ],
                "foundersRewardSubsidySlowStartInterval": 2,
                "foundersRewardSubsidyHalvingInterval": 840000,
                "percentTreasuryReward": 12,
                "treasuryRewardStartBlockHeight": 139200,
                "treasuryRewardAddresses": [
                    "zsyF68hcYYNLPj5i4PfQJ1kUY6nsFnZkc82",
                    "zsfULrmbX7xbhqhAFRffVqCw9RyGv2hqNNG",
                    "zsoemTfqjicem2QVU8cgBHquKb1o9JR5p4Z",
                    "zt339oiGL6tTgc9Q71f5g1sFTZf6QiXrRUr"
                ],
                "treasuryRewardAddressChangeInterval": 50000
            },
            "test": {
                "diff1": "0007ffffffffffffffffffffffffffffffffffffffffffffffffffffffffffff",
                "solutionSize": 1344,
                "solutionPreambleSize": 3,
                "solver": {
                    "hash": "equihash",
                    "args": [ 200, 9, "ZcashPoW" ]
                },
                "coinbaseTxNetwork": "testnet",
                "payFoundersReward": true,
                "percentFoundersReward": 8.5,
                "foundersRewardAddresses": [
                    "zrH8KT8KUcpKKNBu3fjH4hA84jZBCawErqn",
                    "zrGsMC4ou1r5Vxy7Dnxg4PfKpansx83BM8g",
                    "zr6sB2Az36D8CqzeZNavB11WbovsGtJSAZG",
                    "zrBAG3pXCTDq14nivNK9mW8SfwMNcdmMQpb",
                    "zrRLwpYRYky4wsvwLVrDp8fs89EBTRhNMB1",
                    "zrLozMfptTmE3zLP5SrTLyB8TXqH84Agjrr",
                    "zrMckkaLtVTEUvxj4ouU7BPDGa8xmdTZSVE",
                    "zrFc897wJXmF7BcEdbvi2mS1bLrcuWYK6hm",
                    "zrHEnni486u9SNcLWacroSgcdyMA33tfM92",
                    "zrJ3ymPV3R8Xk4N3BdNb898xvZvARm5K7mq",
                    "zrDj3P6trx73291krxU51U9QnfkbGxkyJ6E",
                    "zrJs3vMGFJi9pQCireeSLckJonamBnwTSrY",
                    "zrKFdXQoAkkycy52EFoWARyzZWx6Kat2Som",
                    "zrEXbSe79FXA9KRMnJTZUWZdZhNnjcnAdrq",
                    "zr7iAwfNgJsMpSCmijK3TuVDuNvSmLr1rUz",
                    "zrDEK7K6cftqSjeyVUH1WqJtBUkXN7GidxH",
                    "zrRennuq75hyBVU4JymtZk8UcQ1vRPKpmpj",
                    "zr9HRTL79pKmn5R8fvkC9kucZ4u1bQruLTD",
                    "zrML8KXpJsa1NVnbJuawX86ZvAn543tWdTT",
                    "zrLBAkQoxpEtnztSUEcdxnEvuwtgxyAMGX7",
                    "zr6kPnVzFBYmcBDsWoTrPHRuBxLq21o4zvT",
                    "zrMY3vdvqs9KSvx9TawvcyuVurt1Jj6GPVo",
                    "zr9WB1qBpM4nwi1mudUFfjtMNmqzaBQDsXn",
                    "zrAHbtHDPAqmzWJMQqSYzGyFnDWN3oELZRs",
                    "zrH1f5K3z7EQ6RWWZ7StCDWHTZwFChBVA2W",
                    "zrNTacAid9LS4kAqzM4sw1YcF7gLFrzVM7U",
                    "zrFyZpMVKMeDqbn6A2uUiL9mZmgxuR1pUBg",
                    "zrD1cqGFGzBcPogFHJvnN4XegvvmbTjA43t",
                    "zr5A1D7czWkB4pAWfGC5Pux5Ek7anYybdPK",
                    "zr8yTAxCy6jAdsc6qPvmVEQHbYo25AJKhy9",
                    "zrFW2YjQw4cABim5kEDwapbSqTz3wW7cWkk",
                    "zr9nJvNbsrvUTZD41fhqAQeUcgMfqZmAweN",
                    "zrCx4dXZd5b2tD483Ds4diHpo1QxBMJ76Jr",
                    "zr6eVeRwU6Puob3K1RfWtva1R458oj8pzkL",
                    "zr7B92iHtQcobZjGCXo3DAqMQjsn7ka31wE",
                    "zr8bcemLWAjYuphXSVqtqZWEnJipCB9F5oC",
                    "zrFzsuPXb7HsFd3srBqtVqnC9GQ94DQubV2",
                    "zr4yiBobiHjHnCYi75NmYtyoqCV4A3kpHDL",
                    "zrGVdR4K4F8MfmWxhUiTypK7PTsvHi8uTAh",
                    "zr7WiCDqCMvUdH1xmMu8YrBMFb2x2E6BX3z",
                    "zrEFrGWLX4hPHuHRUD3TPbMAJyeSpMSctUc",
                    "zr5c3f8PTnW8qBFX1GvK2LhyLBBCb1WDdGG",
                    "zrGkAZkZLqC9QKJR3XomgxNizCpNuAupTeg",
                    "zrM7muDowiun9tCHhu5K9vcDGfUptuYorfZ",
                    "zrCsWfwKotWnQmFviqAHAPAJ2jXqZYW966P",
                    "zrLLB3JB3jozUoMGFEGhjqyVXTpngVQ8c4T",
                    "zrAEa8YjJ2f3m2VsM1Xa9EwibZxEnRoSLUx",
                    "zrAdJgp7Cx35xTvB7ABWP8YLTNDArMjP1s3"
                ],
                "foundersRewardSubsidySlowStartInterval": 2,
                "foundersRewardSubsidyHalvingInterval": 840000,
                "percentTreasuryReward": 12,
                "treasuryRewardStartBlockHeight": 85500,
                "treasuryRewardAddresses": [
                    "zrRBQ5heytPMN5nY3ssPf3cG4jocXeD8fm1",
                    "zrRBQ5heytPMN5nY3ssPf3cG4jocXeD8fm1",
                    "zrRBQ5heytPMN5nY3ssPf3cG4jocXeD8fm1",
                    "zrRBQ5heytPMN5nY3ssPf3cG4jocXeD8fm1"
                ],
                "treasuryRewardAddressChangeInterval": 10000
            },
            "regtest": {
                "diff1": "0007ffffffffffffffffffffffffffffffffffffffffffffffffffffffffffff",
                "solutionSize": 1344,
                "solutionPreambleSize": 3,
                "solver": {
                    "hash": "equihash",
                    "args": [ 200, 9, "ZcashPoW" ]
                },
                "coinbaseTxNetwork": "regtest",
                "payFoundersReward": true,
                "percentFoundersReward": 8.5,
                "foundersRewardAddresses": [ "zrKmSdqZKZjnARd5e8FfRg4v1m74X7twxGa" ],
                "foundersRewardSubsidyHalvingInterval": 2000,
                "percentTreasuryReward": 12,
                "treasuryRewardStartBlockHeight": 139200,
                "treasuryRewardAddresses": [ "zrKmSdqZKZjnARd5e8FfRg4v1m74X7twxGa" ],
                "treasuryRewardAddressChangeInterval": 100
            }
        },
        "usesZCashAddressFormat": true,
        "useBitcoinPayoutHandler": false,
        "explorerBlockLink": "http://explorer.zensystem.io/block/$hash$",
        "explorerTxLink": "http://explorer.zensystem.io/transactions/{0}",
        "explorerAccountLink": "http://explorer.zensystem.io/accounts/{0}"
    },
    "bitcoin-gold": {
        "name": "Bitcoin Gold",
        "symbol": "BTG",
        "family": "equihash",
        "networks": {
            "main": {
                "diff1": "0007ffffffffffffffffffffffffffffffffffffffffffffffffffffffffffff",
                "solutionSize": 100,
                "solutionPreambleSize": 1,
                "solver": {
                    "hash": "equihash",
                    "args": [ 144, 5, "BgoldPoW" ]
                },
                "coinbaseTxNetwork": "main",
                "payFoundersReward": false
            },
            "test": {
                "diff1": "0007ffffffffffffffffffffffffffffffffffffffffffffffffffffffffffff",
                "solutionSize": 100,
                "solutionPreambleSize": 1,
                "solver": {
                    "hash": "equihash",
                    "args": [ 144, 5, "BgoldPoW" ]
                },
                "coinbaseTxNetwork": "testnet",
                "payFoundersReward": false
            },
            "regtest": {
                "diff1": "0007ffffffffffffffffffffffffffffffffffffffffffffffffffffffffffff",
                "solutionSize": 100,
                "solutionPreambleSize": 1,
                "solver": {
                    "hash": "equihash",
                    "args": [ 144, 5, "BgoldPoW" ]
                },
                "coinbaseTxNetwork": "regtest",
                "payFoundersReward": false
            }
        },
        "usesZCashAddressFormat": false,
        "useBitcoinPayoutHandler": true,
        "explorerBlockLink": "https://explorer.bitcoingold.org/insight/block/$hash$",
        "explorerTxLink": "https://explorer.bitcoingold.org/insight/tx/{0}",
        "explorerAccountLink": "https://explorer.bitcoingold.org/insight/address/{0}"
    },
    "bithereum": {
        "name": "Bithereum",
        "symbol": "BTH",
        "family": "equihash",
        "networks": {
            "main": {
                "diff1": "0007ffffffffffffffffffffffffffffffffffffffffffffffffffffffffffff",
                "solutionSize": 100,
                "solutionPreambleSize": 1,
                "solver": {
                    "hash": "equihash",
                    "args": [ 144, 5, "BethdPoW" ]
                },
                "coinbaseTxNetwork": "main",
                "payFoundersReward": false
            },
            "test": {
                "diff1": "0007ffffffffffffffffffffffffffffffffffffffffffffffffffffffffffff",
                "solutionSize": 100,
                "solutionPreambleSize": 1,
                "solver": {
                    "hash": "equihash",
                    "args": [ 144, 5, "BethdPoW" ]
                },
                "coinbaseTxNetwork": "testnet",
                "payFoundersReward": false
            },
            "regtest": {
                "diff1": "0007ffffffffffffffffffffffffffffffffffffffffffffffffffffffffffff",
                "solutionSize": 100,
                "solutionPreambleSize": 1,
                "solver": {
                    "hash": "equihash",
                    "args": [ 144, 5, "BethdPoW" ]
                },
                "coinbaseTxNetwork": "regtest",
                "payFoundersReward": false
            }
        },
        "usesZCashAddressFormat": false,
        "useBitcoinPayoutHandler": true,
        "explorerBlockLink": "https://explorer.bithereum.network/block/$hash$",
        "explorerTxLink": "https://explorer.bithereum.network/tx/{0}",
        "explorerAccountLink": "https://explorer.bithereum.network/address/{0}"
    },
    "minexcoin": {
        "name": "Minexcoin",
        "symbol": "MNX",
        "family": "equihash",
        "networks": {
            "main": {
                "diff1": "0007ffffffffffffffffffffffffffffffffffffffffffffffffffffffffffff",
                "solutionSize": 68,
                "solutionPreambleSize": 1,
                "solver": {
                    "hash": "equihash",
                    "args": [ 96, 5, "ZcashPoW" ]
                },
                "coinbaseTxNetwork": "main",
                "payFoundersReward": false
            },
            "test": {
                "diff1": "0007ffffffffffffffffffffffffffffffffffffffffffffffffffffffffffff",
                "solutionSize": 68,
                "solutionPreambleSize": 1,
                "solver": {
                    "hash": "equihash",
                    "args": [ 96, 5, "ZcashPoW" ]
                },
                "coinbaseTxNetwork": "testnet",
                "payFoundersReward": false
            },
            "regtest": {
                "diff1": "0007ffffffffffffffffffffffffffffffffffffffffffffffffffffffffffff",
                "solutionSize": 68,
                "solutionPreambleSize": 1,
                "solver": {
                    "hash": "equihash",
                    "args": [ 96, 5, "ZcashPoW" ]
                },
                "coinbaseTxNetwork": "regtest",
                "payFoundersReward": false
            }
        },
        "usesZCashAddressFormat": false,
        "useBitcoinPayoutHandler": true,
        "explorerBlockLink": "https://minexexplorer.com/blocks/view?hash=$hash$",
        "explorerTxLink": "https://minexexplorer.com/transactions/view?hash={0}",
        "explorerAccountLink": "https://minexexplorer.com/address?hash={0}"
    },
    "bitcoin-private": {
        "name": "Bitcoin Private",
        "symbol": "BTCP",
        "family": "equihash",
        "networks": {
            "main": {
                "diff1": "0007ffffffffffffffffffffffffffffffffffffffffffffffffffffffffffffff",
                "solutionSize": 1344,
                "solutionPreambleSize": 3,
                "solver": {
                    "hash": "equihash",
                    "args": [ 200, 9, "ZcashPoW" ]
                },
                "coinbaseTxNetwork": "main",
                "payFoundersReward": false
            },
            "test": {
                "diff1": "0007ffffffffffffffffffffffffffffffffffffffffffffffffffffffffffffff",
                "solutionSize": 1344,
                "solutionPreambleSize": 3,
                "solver": {
                    "hash": "equihash",
                    "args": [ 200, 9, "ZcashPoW" ]
                },
                "coinbaseTxNetwork": "testnet",
                "payFoundersReward": false
            },
            "regtest": {
                "diff1": "0007ffffffffffffffffffffffffffffffffffffffffffffffffffffffffffffff",
                "solutionSize": 1344,
                "solutionPreambleSize": 3,
                "solver": {
                    "hash": "equihash",
                    "args": [ 200, 9, "ZcashPoW" ]
                },
                "coinbaseTxNetwork": "regtest",
                "payFoundersReward": false
            }
        },
        "usesZCashAddressFormat": true,
        "useBitcoinPayoutHandler": false,
        "explorerBlockLink": "https://explorer.btcprivate.org/block-index/$hash$",
        "explorerTxLink": "https://explorer.btcprivate.org/tx/{0}",
        "explorerAccountLink": "https://explorer.btcprivate.org/address/{0}"
    },
    "monero": {
        "name": "Monero",
        "symbol": "XMR",
        "family": "cryptonote",
        "hash": "cryptonight",
        "hashVariant": 0,
        "smallestUnit": 1000000000000,
        "addressPrefix": 18,
        "addressPrefixTestnet": 53,
        "addressPrefixIntegrated": 19,
        "addressPrefixIntegratedTestnet": 54,
        "explorerBlockLink": "https://chainradar.com/xmr/block/$height$",
        "explorerTxLink": "https://chainradar.com/xmr/transaction/{0}"
    },
    "bittube": {
        "name": "Bittube",
        "symbol": "TUBE",
        "family": "cryptonote",
        "hash": "cryptonight-heavy",
        "hashVariant": 2,
        "smallestUnit": 100000000,
        "addressPrefix": 209,
        "addressPrefixTestnet": 209,
        "addressPrefixIntegrated": 16463,
        "addressPrefixIntegratedTestnet": 16463,
        "blockrewardMultiplier": 0.7,
        "explorerBlockLink": "https://explorer.bit.tube/block/$height$",
        "explorerTxLink": "https://explorer.bit.tube/tx/{0}"
    },
    "aeon": {
        "name": "Aeon",
        "symbol": "AEON",
        "family": "cryptonote",
        "hash": "cryptonight-lite",
        "hashVariant": 0,
        "smallestUnit": 100000000,
        "addressPrefix": 178,
        "addressPrefixTestnet": 1062,
        "addressPrefixIntegrated": 10035,
        "addressPrefixIntegratedTestnet": 11303,
        "explorerBlockLink": "https://aeonblocks.com/block/$height$",
        "explorerTxLink": "https://aeonblocks.com/tx/{0}"
    },
    "ethereum": {
        "name": "Ethereum",
        "symbol": "ETH",
        "family": "ethereum",
        "explorerBlockLinks": {
            "block": "https://etherscan.io/block/$height$",
            "uncle": "https://etherscan.io/uncle/$height$"
        },
        "explorerTxLink": "https://etherscan.io/tx/{0}",
        "explorerAccountLink": "https://etherscan.io/address/{0}"
    },
    "ethereum-classic": {
        "name": "Ethereum Classic",
        "symbol": "ETC",
        "family": "ethereum",
        "explorerBlockLinks": {
            "block": "https://gastracker.io/block/$height$",
            "uncle": "https://gastracker.io/uncle/$height$"
        },
        "explorerTxLink": "https://gastracker.io/tx/{0}",
        "explorerAccountLink": "https://gastracker.io/addr/{0}"
    }
}
