﻿{
    "logging": {
        "level": "info",
        "enableConsoleLog": true,
        "enableConsoleColors": true,
        "logFile": "",
        "logBaseDirectory": "",
        "perPoolLogFile": false
    },
    "banning": {
        "manager": "integrated",
        "banOnJunkReceive": true,
        "banOnInvalidShares": false
    },
    "notifications": {
        "enabled": true,
        "email": {
            "host": "smtp.example.com",
            "port": 587,
            "user": "user",
            "password": "password",
            "fromAddress": "info@yourpool.org",
            "fromName": "support"
        },
        "admin": {
            "enabled": false,
            "emailAddress": "user@example.com",
            "notifyBlockFound": true
        }
    },
    "persistence": {
        "postgres": {
            "host": "127.0.0.1",
            "port": 5432,
            "user": "miningcore",
            "password": "password",
            "database": "miningcore"
        }
    },
    "paymentProcessing": {
        "enabled": true,
        "interval": 600,
        "shareRecoveryFile": "recovered-shares.txt"
    },
    "pools": [{
      "id": "xmr1",
      "enabled": true,
      "coin": "monero",
      "address": "43g9avHw8WYHnq749LU1Nw1BZ8FCwS2B7GLoW4vif7cPjJB7e9f6WgU8ptDFM7kyNS9kz1zy334dAYFKgP2KJU8vMoZ3hYD",
      "rewardRecipients": [
        {
          "address": "475YVJbPHPedudkhrcNp1wDcLMTGYusGPF5fqE7XjnragVLPdqbCHBdZg3dF4dN9hXMjjvGbykS6a77dTAQvGrpiQqHp2eH",
          "percentage": 1
        }
      ],
      "blockRefreshInterval": 500,
      "clientConnectionTimeout": 600,
      "banning": {
        "enabled": true,
        "time": 600,
        "invalidPercent": 50,
        "checkThreshold": 50
      },
      "ports": {
        "3032": {
          "listenAddress": "0.0.0.0",
          "difficulty": 7500,
          "name": "CPU Mining",
          "varDiff": {
            "minDiff": 1000,
            "maxDiff": null,
            "targetTime": 15,
            "retargetTime": 90,
            "variancePercent": 30
          }
        },
        "3033": {
          "listenAddress": "0.0.0.0",
          "difficulty": 25000,
          "name": "GPU Mining",
          "varDiff": {
            "minDiff": 10000,
            "maxDiff": null,
            "targetTime": 15,
            "retargetTime": 90,
            "variancePercent": 30
          }
        },
        "3034": {
          "listenAddress": "0.0.0.0",
          "difficulty": 200000,
          "name": "High-End Multi GPU Mining",
          "varDiff": {
            "minDiff": 200000,
            "maxDiff": null,
            "targetTime": 15,
            "retargetTime": 120,
            "variancePercent": 30
          }
        }
      },
      "daemons": [
        {
          "host": "127.0.0.1",
          "port": 18081,
           "user": "user",
          "password": "password"
       },
        {
          "host": "127.0.0.1",
          "port": 18082,
          "user": "user",
          "password": "password",
          "category": "wallet"
        }
      ],
      "paymentProcessing": {
        "enabled": true,
        "minimumPayment": 0.25,
        "minimumPaymentToPaymentId": 1.0,
        "payoutScheme": "PPLNS",
        "payoutSchemeConfig": {
          "factor": 2.0
        }
      }
    }]
}
