﻿{
    "logging": {
        "level": "info",
        "enableConsoleLog": true,
        "enableConsoleColors": true,
        "logFile": "",
        "logBaseDirectory": "",
        "perPoolLogFile": false
    },
    "banning": {
        "manager": "integrated",
        "banOnJunkReceive": true,
        "banOnInvalidShares": false
    },
    "notifications": {
        "enabled": true,
        "email": {
            "host": "smtp.example.com",
            "port": 587,
            "user": "user",
            "password": "password",
            "fromAddress": "info@yourpool.org",
            "fromName": "support"
        },
        "admin": {
            "enabled": false,
            "emailAddress": "user@example.com",
            "notifyBlockFound": true
        }
    },
    "persistence": {
        "postgres": {
            "host": "127.0.0.1",
            "port": 5432,
            "user": "miningcore",
            "password": "password",
            "database": "miningcore"
        }
    },
    "equihashMaxThreads": 4,
    "paymentProcessing": {
        "enabled": true,
        "interval": 600,
        "shareRecoveryFile": "recovered-shares.txt"
    },
    "pools": [{
        "id": "zec1",
        "enabled": true,
        "coin": "zcash",
        "address": "t1YHZHz2DGVMJiggD2P4fBQ2TAPgtLSUwZ7",
        "z-address": "zca7tCyUqn6axyZTWfiFTufI28sJNOnC2p3PHV4txH1XdDGsAjw1AKM8qiHznMTSw5GXUbWqS7P7Qc1sDw93CQePCLuPXXr",
        "rewardRecipients": [
            {
                "type": "op",
                "address": "t1YHZHz2DGVMJiggD2P4fBQ2TAPgtLSUwZ7",
                "percentage": 1.5
            }
        ],
        "blockRefreshInterval": 500,
        "jobRebroadcastTimeout": 10,
        "clientConnectionTimeout": 600,
        "banning": {
            "enabled": true,
            "time": 600,
            "invalidPercent": 50,
            "checkThreshold": 50
        },
        "ports": {
            "3092": {
                "difficulty": 0.1,
                "varDiff": {
                    "minDiff": 0.01,
                    "maxDiff": null,
                    "targetTime": 15,
                    "retargetTime": 90,
                    "variancePercent": 30,
                    "maxDelta": 1
                }
            },
            "3093": {
                "difficulty": 1
            }
        },
        "daemons": [
            {
                "host": "127.0.0.1",
                "port": 8232,
                "user": "user",
                "password": "pass"
            }
        ],
        "paymentProcessing": {
            "enabled": true,
            "minimumPayment": 0.01,
            "payoutScheme": "PPLNS",
            "payoutSchemeConfig": {
                "factor": 2.0
            }
        }
    }]
}
